{
  "experiment": "rdd_yolov8_20260517_044847",
  "model_type": "yolov8s.pt",
  "mAP50": 0.6429013121400033,
  "mAP50-95": 0.3588588805536867,
  "precision": 0.6646695306390962,
  "recall": 0.5988244100894766
}