{
  "experiment": "rdd_yolov8_20260516_104301",
  "model_type": "yolov8n.pt",
  "mAP50": 0.6016040237432686,
  "mAP50-95": 0.33123085021096393,
  "precision": 0.6501237155322981,
  "recall": 0.5608854383421202
}